{
  "timestamp": "2026-01-09T16:27:35.375Z",
  "iterations": 10,
  "proofGeneration": {
    "min": 2213.8350871640127,
    "max": 2291.113227126036,
    "avg": 2259.538386766534,
    "median": 2259.2995340551106,
    "p95": 2291.113227126036
  },
  "verification": {
    "min": 10.541575391490293,
    "max": 14.696174865716499,
    "avg": 12.325357792303848,
    "median": 11.869517796082054,
    "p95": 14.696174865716499
  },
  "witnessCalculation": {
    "min": 1500,
    "max": 1500,
    "avg": 1500,
    "median": 1500,
    "p95": 1500
  }
}